{
  "project_info": {
    "project_number": "339417114181",
    "firebase_url": "https://cosmos-visa-dev.firebaseio.com",
    "project_id": "cosmos-visa-dev",
    "storage_bucket": "cosmos-visa-dev.appspot.com"
  },
  "client": [
    {
      "client_info": {
        "mobilesdk_app_id": "1:339417114181:android:7976dde66746e4437c652c",
        "android_client_info": {
          "package_name": "com.outsystemsenterprise.aspirelifestylesdev.CosmoMobileApp"
        }
      },
      "oauth_client": [
        {
          "client_id": "339417114181-qs7pbs1vgki6u2ddjpgfinu0h0jjvjl1.apps.googleusercontent.com",
          "client_type": 3
        }
      ],
      "api_key": [
        {
          "current_key": "AIzaSyAjSwJJ_Qsy0SLOlvbr0jg6mH3Ghza2FLI"
        }
      ],
      "services": {
        "appinvite_service": {
          "other_platform_oauth_client": [
            {
              "client_id": "339417114181-qs7pbs1vgki6u2ddjpgfinu0h0jjvjl1.apps.googleusercontent.com",
              "client_type": 3
            }
          ]
        }
      }
    }
  ],
  "configuration_version": "1"
}